dataset,# rows,# columns,percent_major
quake,2178,3,0.5550964187327824
USCensus,32561,14,0.7591904425539756
mozilla4,15545,5,0.671405596654873
mfeat,2000,6,0.9
houses,20640,8,0.5681201550387597
Spambase,4601,57,0.6059552271245382
Diabetic,1151,19,0.5308427454387489
BreastCancer,569,30,0.6274165202108963
Airline,10000,12,0.5288
EEG,14980,14,0.5512016021361815
