dataset,# rows,# columns,percent_mv,n_num_mv,n_cat_mv
Weight,4024,158,0.61615527,100,0
Nomao,34465,119,0.282019924,83,0
Ozone,2536,73,0.07959971,72,0
Cargo,3942,97,0.544077905,72,0
,,,,,
Housing,1460,80,0.058895654,3,16
Titanic,891,11,0.080995137,1,2
Census,32561,14,0.008726186,0,3
Bankruptcy,10503,64,0.014483774,44,0
Mushroom,8124,22,0.013272537,0,1